PDB,CDB,Oracle_Home,Compartment_Name,CDB_ID,Compartment_ID
PDB_FAKE_1,CDB_FAKE_1,dbhome20240506133916,CompartmentDemo,ocid1.database.oc1.eu-frankfurt-1.xxxxxxxxxxxxxxxxjjkdrxzrvvcqylx2t2mnxnrbpurviqxvmalhl6fql2na,ocid1.compartment.oc1..aaaaaaaaay4x2z23bzlup7o6gmksl5sbhxnc2st5ifq6sg4hxpdulXXXXX
PDB_FAKE_2,CDB_FAKE_2,dbhome-202407311402,CompartmentDemo,ocid1.database.oc1.eu-frankfurt-1.xxxxxxxxxxxxxxxxsl2o5fe4afm36v74kahdkmrd2vo5yamcg4tqfxbuxyyq,ocid1.compartment.oc1..aaaaaaaaay4x2z23bzlup7o6gmksl5sbhxnc2st5ifq6sg4hxpdulXXXXX
PDB_FAKE_3,CDB_FAKE_3,dbhome20240820054349,CompartmentDemo,ocid1.database.oc1.eu-frankfurt-1.xxxxxxxxxxxxxxxxffelqzqvqmc6yllrvnrv2k344e7hxeemojybzp6wbwhq,ocid1.compartment.oc1..aaaaaaaaay4x2z23bzlup7o6gmksl5sbhxnc2st5ifq6sg4hxpdulXXXXX
PDB_FAKE_4,CDB_FAKE_4,dbhome-23_4,CompartmentDemo,ocid1.database.oc1.eu-frankfurt-1.xxxxxxxxxxxxxxxxprlsiqc7o4acgx6kaj5lrxarp7dktexqmkk2nz7422ma,ocid1.compartment.oc1..aaaaaaaaay4x2z23bzlup7o6gmksl5sbhxnc2st5ifq6sg4hxpdulXXXXX
PDB_FAKE_5,CDB_FAKE_5,dbhome-23-6,CompartmentDemo,ocid1.database.oc1.eu-frankfurt-1.xxxxxxxxxxxxxxxxeo6qb5qwpfxz6bmbvjwcsbbpnkbhq332zdndxhclfu7a,ocid1.compartment.oc1..aaaaaaaaay4x2z23bzlup7o6gmksl5sbhxnc2st5ifq6sg4hxpdulXXXXX
PDB_FAKE_6,CDB_FAKE_6,dbhome20240718091054,CompartmentDemo,ocid1.database.oc1.eu-frankfurt-1.xxxxxxxxxxxxxxxxjyg3w422bur3hrzy2meibflp6vow7zlsfqey6jf6eida,ocid1.compartment.oc1..aaaaaaaaay4x2z23bzlup7o6gmksl5sbhxnc2st5ifq6sg4hxpdulXXXXX
PDB_FAKE_7,CDB_FAKE_5,dbhome-23-6,CompartmentDemo,ocid1.database.oc1.eu-frankfurt-1.xxxxxxxxxxxxxxxxeo6qb5qwpfxz6bmbvjwcsbbpnkbhq332zdndxhclfu7a,ocid1.compartment.oc1..aaaaaaaaay4x2z23bzlup7o6gmksl5sbhxnc2st5ifq6sg4hxpdulXXXXX
PDB_FAKE_8,CDB_FAKE_7,dbhome20240827100913,CompartmentDemo,ocid1.database.oc1.eu-frankfurt-1.xxxxxxxxxxxxxxxxai4tpu2cy74m455ujtphbffrcvvbr2ez5otfg6jfva2q,ocid1.compartment.oc1..aaaaaaaaay4x2z23bzlup7o6gmksl5sbhxnc2st5ifq6sg4hxpdulXXXXX
PDB_FAKE_9,CDB_FAKE_8,dbhome20241120192009,CompartmentDemo,ocid1.database.oc1.eu-frankfurt-1.xxxxxxxxxxxxxxxxu5z737kftmuvrz6y52c2qkdkyddkg45koz6ezq5ubczq,ocid1.compartment.oc1..aaaaaaaaay4x2z23bzlup7o6gmksl5sbhxnc2st5ifq6sg4hxpdulXXXXX
PDB_FAKE_10,CDB_FAKE_9,dbhome-23-6,CompartmentDemo,ocid1.database.oc1.eu-frankfurt-1.xxxxxxxxxxxxxxxxpfiaxn5rxtfvbcvtdip26h5bdhgxqttkd6t2splagudq,ocid1.compartment.oc1..aaaaaaaaay4x2z23bzlup7o6gmksl5sbhxnc2st5ifq6sg4hxpdulXXXXX
PDB_FAKE_11,CDB_FAKE_9,dbhome-23-6,CompartmentDemo,ocid1.database.oc1.eu-frankfurt-1.xxxxxxxxxxxxxxxxpfiaxn5rxtfvbcvtdip26h5bdhgxqttkd6t2splagudq,ocid1.compartment.oc1..aaaaaaaaay4x2z23bzlup7o6gmksl5sbhxnc2st5ifq6sg4hxpdulXXXXX
PDB_FAKE_12,CDB_FAKE_5,dbhome-23-6,CompartmentDemo,ocid1.database.oc1.eu-frankfurt-1.xxxxxxxxxxxxxxxxeo6qb5qwpfxz6bmbvjwcsbbpnkbhq332zdndxhclfu7a,ocid1.compartment.oc1..aaaaaaaaay4x2z23bzlup7o6gmksl5sbhxnc2st5ifq6sg4hxpdulXXXXX
PDB_FAKE_6,CDB_FAKE_4,dbhome20240704121200,CompartmentDemo,ocid1.database.oc1.eu-frankfurt-1.antheljtvwun52iaav6lfe4e3lltweqmxi62afvdwoub5skztpthjkjsdu5q,ocid1.compartment.oc1..aaaaaaaaay4x2z23bzlup7o6gmksl5sbhxnc2st5ifq6sg4hxpdulXXXXX
PDB_FAKE_13,CDB_FAKE_10,dgcDbhome-1922,CompartmentDemo,ocid1.database.oc1.eu-frankfurt-1.antheljrvwun52ia6u7cgsznbe7usiud6aiad2wdi4ynfyq2lqsy23bkz7eq,ocid1.compartment.oc1..aaaaaaaaay4x2z23bzlup7o6gmksl5sbhxnc2st5ifq6sg4hxpdulXXXXX
PDB_FAKE_14,CDB_FAKE_11,OraHome58,CompartmentDemo,ocid1.database.oc1.eu-frankfurt-1.antheljrvwun52iaw23ldaxs6g2lxel3fawbyl5yt27hsk5chj7u4w75qg6q,ocid1.compartment.oc1..aaaaaaaaay4x2z23bzlup7o6gmksl5sbhxnc2st5ifq6sg4hxpdulXXXXX
PDB_FAKE_5,CDB_FAKE_12,sn-dbhome-19_25,CompartmentDemo,ocid1.database.oc1.eu-frankfurt-1.antheljrvwun52ia2jpqztms4xs6qlyx5waxdigx7dlgwwxyhd3oqzxb6uya,ocid1.compartment.oc1..aaaaaaaaay4x2z23bzlup7o6gmksl5sbhxnc2st5ifq6sg4hxpdulXXXXX
PDB_FAKE_15,CDB_FAKE_13,rw_home,CompartmentDemo,ocid1.database.oc1.eu-frankfurt-1.antheljrvwun52iarwoknlbmd6ul37sp3nk7pqkycngw7fc5eebbrv366s5q,ocid1.compartment.oc1..aaaaaaaaay4x2z23bzlup7o6gmksl5sbhxnc2st5ifq6sg4hxpdulXXXXX
PDB_FAKE_16,CDB_FAKE_14,jvb_dbhome,CompartmentDemo,ocid1.database.oc1.eu-frankfurt-1.antheljrvwun52iankxrottyvdo4ecebklubqhh6tay54azhb64w3m332vcq,ocid1.compartment.oc1..aaaaaaaaay4x2z23bzlup7o6gmksl5sbhxnc2st5ifq6sg4hxpdulXXXXX
PDB_FAKE_5,CDB_FAKE_15,dbhome20240219202957,CompartmentDemo,ocid1.database.oc1.eu-frankfurt-1.antheljrvwun52iau4nwn2dy55t2wllevvjspthlosqrg33wdpeiznpszeqq,ocid1.compartment.oc1..aaaaaaaaay4x2z23bzlup7o6gmksl5sbhxnc2st5ifq6sg4hxpdulXXXXX
PDB_FAKE_5,CDB_FAKE_16,mdoe-dbhome1-1920,CompartmentDemo,ocid1.database.oc1.eu-frankfurt-1.antheljrvwun52ia6fkji7z3leb3e5gnpw36xpshv7afhpkqvhfpfod3whda,ocid1.compartment.oc1..aaaaaaaaay4x2z23bzlup7o6gmksl5sbhxnc2st5ifq6sg4hxpdulXXXXX
PDB_FAKE_17,CDB_FAKE_17,au-dbhome-23ai,CompartmentDemo,ocid1.database.oc1.eu-frankfurt-1.antheljrvwun52iavrclfuof5xwdwnkk2ihxwthxrggmavubx6j2e4rvd6bq,ocid1.compartment.oc1..aaaaaaaaay4x2z23bzlup7o6gmksl5sbhxnc2st5ifq6sg4hxpdulXXXXX
PDB_FAKE_18,CDB_FAKE_18,ESDB19,CompartmentDemo,ocid1.database.oc1.eu-frankfurt-1.antheljrvwun52iah6v5bc5yffr7fmi57ekrjy6ozjvfk54vk5sb2ee25m5q,ocid1.compartment.oc1..aaaaaaaaay4x2z23bzlup7o6gmksl5sbhxnc2st5ifq6sg4hxpdulXXXXX
PDB_FAKE_19,CDB_FAKE_19,OraHome58,CompartmentDemo,ocid1.database.oc1.eu-frankfurt-1.antheljrvwun52iao4x52lvvvchrhese2ewkbgp4mjffiulqnhm3odpzssda,ocid1.compartment.oc1..aaaaaaaaay4x2z23bzlup7o6gmksl5sbhxnc2st5ifq6sg4hxpdulXXXXX
PDB_FAKE_20,CDB_FAKE_20,dbhome-llopezf,CompartmentDemo,ocid1.database.oc1.eu-frankfurt-1.antheljrvwun52iams4sf66bwbyggfzay2svqigcgkpm7fnki7cah75o7o2q,ocid1.compartment.oc1..aaaaaaaaay4x2z23bzlup7o6gmksl5sbhxnc2st5ifq6sg4hxpdulXXXXX
PDB_FAKE_21,CDB_FAKE_21,fleetDemo_20250212115252015,CompartmentDemo,ocid1.database.oc1.eu-frankfurt-1.antheljrvwun52ia3mp2sgdafoj5w4odg6rqa6nx36e42fhws7alindmxwkq,ocid1.compartment.oc1..aaaaaaaaay4x2z23bzlup7o6gmksl5sbhxnc2st5ifq6sg4hxpdulXXXXX
PDB_FAKE_22,CDB_FAKE_22,ESDB19,CompartmentDemo,ocid1.database.oc1.eu-frankfurt-1.antheljrvwun52ia2sajcbvidu23bza43txevrlcf64yyz6326jhnbobsphq,ocid1.compartment.oc1..aaaaaaaaay4x2z23bzlup7o6gmksl5sbhxnc2st5ifq6sg4hxpdulXXXXX
PDB_FAKE_23,CDB_FAKE_23,dbhome-236,CompartmentDemo,ocid1.database.oc1.eu-frankfurt-1.antheljrvwun52ia2nhf43pfjncqaj2d5tfftod6yp4cccy3jj4g2vdu4v3q,ocid1.compartment.oc1..aaaaaaaaay4x2z23bzlup7o6gmksl5sbhxnc2st5ifq6sg4hxpdulXXXXX
PDB_FAKE_5,CDB_FAKE_24,dbhome-nishar,CompartmentDemo,ocid1.database.oc1.eu-frankfurt-1.antheljrvwun52iadnlcw3537a344wiyfboq7pbgc2relvqdvlae6e7sroyq,ocid1.compartment.oc1..aaaaaaaaay4x2z23bzlup7o6gmksl5sbhxnc2st5ifq6sg4hxpdulXXXXX
PDB_FAKE_21,CDB_FAKE_25,fleetDemo_20250212115252015,CompartmentDemo,ocid1.database.oc1.eu-frankfurt-1.antheljrvwun52ia5m6fmarriiakguu5kzfpynneahyfvt6u45xbpcx3mtjq,ocid1.compartment.oc1..aaaaaaaaay4x2z23bzlup7o6gmksl5sbhxnc2st5ifq6sg4hxpdulXXXXX
PDB_FAKE_24,CDB_FAKE_16,mdoe-dbhome1-1920,CompartmentDemo,ocid1.database.oc1.eu-frankfurt-1.antheljrvwun52ia6fkji7z3leb3e5gnpw36xpshv7afhpkqvhfpfod3whda,ocid1.compartment.oc1..aaaaaaaaay4x2z23bzlup7o6gmksl5sbhxnc2st5ifq6sg4hxpdulXXXXX
PDB_FAKE_25,CDB_FAKE_26,sn-dbhome-19-19,CompartmentDemo,ocid1.database.oc1.eu-frankfurt-1.antheljrvwun52ia4r2d5vu6hofrv7jrqyat23nxck75k7mbw2zqfbcpusqq,ocid1.compartment.oc1..aaaaaaaaay4x2z23bzlup7o6gmksl5sbhxnc2st5ifq6sg4hxpdulXXXXX
PDB_FAKE_5,CDB_FAKE_27,dbhome-falcotst202407301442,CompartmentDemo,ocid1.database.oc1.eu-frankfurt-1.antheljrvwun52ianyrjwqfwdczb42e7afdqhrzj4h4bq67sw34lq4gdekza,ocid1.compartment.oc1..aaaaaaaaay4x2z23bzlup7o6gmksl5sbhxnc2st5ifq6sg4hxpdulXXXXX
PDB_FAKE_19,CDB_FAKE_28,sn-dbhome-19_25,CompartmentDemo,ocid1.database.oc1.eu-frankfurt-1.antheljrvwun52iaduqekvnpo3t34xglnyegpxqnxs57qkizrludn72juqka,ocid1.compartment.oc1..aaaaaaaaay4x2z23bzlup7o6gmksl5sbhxnc2st5ifq6sg4hxpdulXXXXX
PDB_FAKE_26,CDB_FAKE_13,rw_home,CompartmentDemo,ocid1.database.oc1.eu-frankfurt-1.antheljrvwun52iarwoknlbmd6ul37sp3nk7pqkycngw7fc5eebbrv366s5q,ocid1.compartment.oc1..aaaaaaaaay4x2z23bzlup7o6gmksl5sbhxnc2st5ifq6sg4hxpdulXXXXX
PDB_FAKE_5,CDB_FAKE_29,ap-dbhome-23-4,CompartmentDemo,ocid1.database.oc1.eu-frankfurt-1.antheljrvwun52ianxvobiijsempl5uoljpxuppiqzv7ahifsqg677x3ai4q,ocid1.compartment.oc1..aaaaaaaaay4x2z23bzlup7o6gmksl5sbhxnc2st5ifq6sg4hxpdulXXXXX
PDB_FAKE_13,CDB_FAKE_30,RWHOME,CompartmentDemo,ocid1.database.oc1.eu-frankfurt-1.antheljrvwun52iaaof6tfk7jxujh6v35tgke2766htpaz2px6fzxllyl6oa,ocid1.compartment.oc1..aaaaaaaaay4x2z23bzlup7o6gmksl5sbhxnc2st5ifq6sg4hxpdulXXXXX
PDB_FAKE_5,CDB_FAKE_31,au-dbhome-19c,CompartmentDemo,ocid1.database.oc1.eu-frankfurt-1.antheljrvwun52iabrcqh5c45jzf363hs6mvs7ihqey7p5fehhkvpmq7zlla,ocid1.compartment.oc1..aaaaaaaaay4x2z23bzlup7o6gmksl5sbhxnc2st5ifq6sg4hxpdulXXXXX
PDB_FAKE_5,CDB_FAKE_32,ap-dbhome-19-24,CompartmentDemo,ocid1.database.oc1.eu-frankfurt-1.antheljrvwun52iawbv67zn2lwf53cokl5yljsmqjxllogorrgr3s43w4yfq,ocid1.compartment.oc1..aaaaaaaaay4x2z23bzlup7o6gmksl5sbhxnc2st5ifq6sg4hxpdulXXXXX
PDB_FAKE_21,CDB_FAKE_33,FU1925_20250214164009209,CompartmentDemo,ocid1.database.oc1.eu-frankfurt-1.antheljrvwun52iaccwfy2i3tmgk2opqsgpfsj6mmrbf7bxwq2x76iol244q,ocid1.compartment.oc1..aaaaaaaaay4x2z23bzlup7o6gmksl5sbhxnc2st5ifq6sg4hxpdulXXXXX
PDB_FAKE_5,CDB_FAKE_34,ESDB19,CompartmentDemo,ocid1.database.oc1.eu-frankfurt-1.antheljrvwun52ia4jqqd7du6xayzy2noxpc5y3gwvjqaatb2565jkxuhqkq,ocid1.compartment.oc1..aaaaaaaaay4x2z23bzlup7o6gmksl5sbhxnc2st5ifq6sg4hxpdulXXXXX
PDB_FAKE_5,CDB_FAKE_35,ipp-db-home,CompartmentDemo,ocid1.database.oc1.eu-frankfurt-1.antheljrvwun52iaro3g5sgorzodbwgbvn7kcndfk2jretqvhv4ath7grqla,ocid1.compartment.oc1..aaaaaaaaay4x2z23bzlup7o6gmksl5sbhxnc2st5ifq6sg4hxpdulXXXXX
PDB_FAKE_21,CDB_FAKE_36,FU1925_20250214164009209,CompartmentDemo,ocid1.database.oc1.eu-frankfurt-1.antheljrvwun52iares2yqhdn3zketcklkbrukk62dvtd3a2awxjaimyy2ra,ocid1.compartment.oc1..aaaaaaaaay4x2z23bzlup7o6gmksl5sbhxnc2st5ifq6sg4hxpdulXXXXX
PDB_FAKE_27,CDB_FAKE_13,rw_home,CompartmentDemo,ocid1.database.oc1.eu-frankfurt-1.antheljrvwun52iarwoknlbmd6ul37sp3nk7pqkycngw7fc5eebbrv366s5q,ocid1.compartment.oc1..aaaaaaaaay4x2z23bzlup7o6gmksl5sbhxnc2st5ifq6sg4hxpdulXXXXX
PDB_FAKE_28,CDB_FAKE_20,dbhome-llopezf,CompartmentDemo,ocid1.database.oc1.eu-frankfurt-1.antheljrvwun52iams4sf66bwbyggfzay2svqigcgkpm7fnki7cah75o7o2q,ocid1.compartment.oc1..aaaaaaaaay4x2z23bzlup7o6gmksl5sbhxnc2st5ifq6sg4hxpdulXXXXX
PDB_FAKE_5,CDB_FAKE_10,dgcDbhome-1922,CompartmentDemo,ocid1.database.oc1.eu-frankfurt-1.antheljrvwun52ia6u7cgsznbe7usiud6aiad2wdi4ynfyq2lqsy23bkz7eq,ocid1.compartment.oc1..aaaaaaaaay4x2z23bzlup7o6gmksl5sbhxnc2st5ifq6sg4hxpdulXXXXX
PDB_FAKE_29,CDB_FAKE_37,dbhome-jvb1921,CompartmentDemo,ocid1.database.oc1.eu-frankfurt-1.antheljrvwun52iav22o27td4cuxu7mfrgvsd7qvo53yacm5iyxdcehozqoq,ocid1.compartment.oc1..aaaaaaaaay4x2z23bzlup7o6gmksl5sbhxnc2st5ifq6sg4hxpdulXXXXX
PDB_FAKE_5,CDB_FAKE_38,OH_RLAAT_19-22,CompartmentDemo,ocid1.database.oc1.eu-frankfurt-1.antheljrvwun52iaoikweesb3geuhmynmhieggmiqk5gzz4t32zaud6fzwua,ocid1.compartment.oc1..aaaaaaaaay4x2z23bzlup7o6gmksl5sbhxnc2st5ifq6sg4hxpdulXXXXX
PDB_FAKE_5,CDB_FAKE_39,dbhome-llopezf,CompartmentDemo,ocid1.database.oc1.eu-frankfurt-1.antheljrvwun52iatneg4oceq3cort7xn32gvqaytcym5jtsomxwujx4axzq,ocid1.compartment.oc1..aaaaaaaaay4x2z23bzlup7o6gmksl5sbhxnc2st5ifq6sg4hxpdulXXXXX
PDB_FAKE_30,CDB_FAKE_13,rw_home,CompartmentDemo,ocid1.database.oc1.eu-frankfurt-1.antheljrvwun52iarwoknlbmd6ul37sp3nk7pqkycngw7fc5eebbrv366s5q,ocid1.compartment.oc1..aaaaaaaaay4x2z23bzlup7o6gmksl5sbhxnc2st5ifq6sg4hxpdulXXXXX
PDB_FAKE_31,CDB_FAKE_40,JensHome_19c_001,CompartmentDemo,ocid1.database.oc1.eu-frankfurt-1.antheljrvwun52ia62x4tucblh335tacciqc3uyxo7behh2coq3naajdu52a,ocid1.compartment.oc1..aaaaaaaaay4x2z23bzlup7o6gmksl5sbhxnc2st5ifq6sg4hxpdulXXXXX
PDB_FAKE_32,CDB_FAKE_41,OraHome58,CompartmentDemo,ocid1.database.oc1.eu-frankfurt-1.antheljrvwun52iabiqjlzoent4nejlxxaqheittpiizesb5qzn7uy5whpzq,ocid1.compartment.oc1..aaaaaaaaay4x2z23bzlup7o6gmksl5sbhxnc2st5ifq6sg4hxpdulXXXXX
PDB_FAKE_13,CDB_FAKE_17,au-dbhome-23ai,CompartmentDemo,ocid1.database.oc1.eu-frankfurt-1.antheljrvwun52iavrclfuof5xwdwnkk2ihxwthxrggmavubx6j2e4rvd6bq,ocid1.compartment.oc1..aaaaaaaaay4x2z23bzlup7o6gmksl5sbhxnc2st5ifq6sg4hxpdulXXXXX
PDB_FAKE_33,CDB_FAKE_42,rw_home,CompartmentDemo,ocid1.database.oc1.eu-frankfurt-1.antheljrvwun52iams7hfuftwgfxplttop25kajitsk46ij57mlvboukaf3q,ocid1.compartment.oc1..aaaaaaaaay4x2z23bzlup7o6gmksl5sbhxnc2st5ifq6sg4hxpdulXXXXX
PDB_FAKE_34,CDB_FAKE_17,au-dbhome-23ai,CompartmentDemo,ocid1.database.oc1.eu-frankfurt-1.antheljrvwun52iavrclfuof5xwdwnkk2ihxwthxrggmavubx6j2e4rvd6bq,ocid1.compartment.oc1..aaaaaaaaay4x2z23bzlup7o6gmksl5sbhxnc2st5ifq6sg4hxpdulXXXXX
PDB_FAKE_35,CDB_FAKE_16,mdoe-dbhome1-1920,CompartmentDemo,ocid1.database.oc1.eu-frankfurt-1.antheljrvwun52ia6fkji7z3leb3e5gnpw36xpshv7afhpkqvhfpfod3whda,ocid1.compartment.oc1..aaaaaaaaay4x2z23bzlup7o6gmksl5sbhxnc2st5ifq6sg4hxpdulXXXXX
PDB_FAKE_5,CDB_FAKE_43,ap-dbhome-19c,CompartmentDemo,ocid1.database.oc1.eu-frankfurt-1.antheljrvwun52ia6fbqwnmw67ne4xmmlwdslyoalidd2f4vf6eeuyx2etgq,ocid1.compartment.oc1..aaaaaaaaay4x2z23bzlup7o6gmksl5sbhxnc2st5ifq6sg4hxpdulXXXXX
PDB_FAKE_5,CDB_FAKE_44,sn-dbhome-19-19,CompartmentDemo,ocid1.database.oc1.eu-frankfurt-1.antheljrvwun52iafszcmd6opsh6zc7ew5vb6ijseuir3chizgt4iwumrmsq,ocid1.compartment.oc1..aaaaaaaaay4x2z23bzlup7o6gmksl5sbhxnc2st5ifq6sg4hxpdulXXXXX
PDB_FAKE_5,CDB_FAKE_45,JensHome_19c_001,CompartmentDemo,ocid1.database.oc1.eu-frankfurt-1.antheljrvwun52ia4hv5vaxhfsyyvujhasm34fapdadm3o7pvz44flwgjlma,ocid1.compartment.oc1..aaaaaaaaay4x2z23bzlup7o6gmksl5sbhxnc2st5ifq6sg4hxpdulXXXXX
PDB_FAKE_36,CDB_FAKE_11,OraHome58,CompartmentDemo,ocid1.database.oc1.eu-frankfurt-1.antheljrvwun52iaw23ldaxs6g2lxel3fawbyl5yt27hsk5chj7u4w75qg6q,ocid1.compartment.oc1..aaaaaaaaay4x2z23bzlup7o6gmksl5sbhxnc2st5ifq6sg4hxpdulXXXXX
PDB_FAKE_37,CDB_FAKE_46,RWHOME,CompartmentDemo,ocid1.database.oc1.eu-frankfurt-1.antheljrvwun52iafteqaw5cbq5fkkjegech2x3756obih6xwnacuq6d3ojq,ocid1.compartment.oc1..aaaaaaaaay4x2z23bzlup7o6gmksl5sbhxnc2st5ifq6sg4hxpdulXXXXX
PDB_FAKE_38,CDB_FAKE_47,JensHome_19c_001,CompartmentDemo,ocid1.database.oc1.eu-frankfurt-1.antheljrvwun52iaq7jlweprh6inbqt33rvoz3fdxv4ucdb56gg5wx5du2qq,ocid1.compartment.oc1..aaaaaaaaay4x2z23bzlup7o6gmksl5sbhxnc2st5ifq6sg4hxpdulXXXXX
PDB_FAKE_39,CDB_FAKE_44,sn-dbhome-19-19,CompartmentDemo,ocid1.database.oc1.eu-frankfurt-1.antheljrvwun52iafszcmd6opsh6zc7ew5vb6ijseuir3chizgt4iwumrmsq,ocid1.compartment.oc1..aaaaaaaaay4x2z23bzlup7o6gmksl5sbhxnc2st5ifq6sg4hxpdulXXXXX
PDB_FAKE_40,CDB_FAKE_16,mdoe-dbhome1-1920,CompartmentDemo,ocid1.database.oc1.eu-frankfurt-1.antheljrvwun52ia6fkji7z3leb3e5gnpw36xpshv7afhpkqvhfpfod3whda,ocid1.compartment.oc1..aaaaaaaaay4x2z23bzlup7o6gmksl5sbhxnc2st5ifq6sg4hxpdulXXXXX
PDB_FAKE_41,CDB_FAKE_22,ESDB19,CompartmentDemo,ocid1.database.oc1.eu-frankfurt-1.antheljrvwun52ia2sajcbvidu23bza43txevrlcf64yyz6326jhnbobsphq,ocid1.compartment.oc1..aaaaaaaaay4x2z23bzlup7o6gmksl5sbhxnc2st5ifq6sg4hxpdulXXXXX
PDB_FAKE_42,CDB_FAKE_22,ESDB19,CompartmentDemo,ocid1.database.oc1.eu-frankfurt-1.antheljrvwun52ia2sajcbvidu23bza43txevrlcf64yyz6326jhnbobsphq,ocid1.compartment.oc1..aaaaaaaaay4x2z23bzlup7o6gmksl5sbhxnc2st5ifq6sg4hxpdulXXXXX
PDB_FAKE_43,CDB_FAKE_16,mdoe-dbhome1-1920,CompartmentDemo,ocid1.database.oc1.eu-frankfurt-1.antheljrvwun52ia6fkji7z3leb3e5gnpw36xpshv7afhpkqvhfpfod3whda,ocid1.compartment.oc1..aaaaaaaaay4x2z23bzlup7o6gmksl5sbhxnc2st5ifq6sg4hxpdulXXXXX
PDB_FAKE_5,CDB_FAKE_48,aha_dbhome,CompartmentDemo,ocid1.database.oc1.eu-frankfurt-1.antheljrvwun52iashbhoxvpulswzqs2rqmkohlmh5kqxsfbm7ffaiumckka,ocid1.compartment.oc1..aaaaaaaaay4x2z23bzlup7o6gmksl5sbhxnc2st5ifq6sg4hxpdulXXXXX
PDB_FAKE_44,CDB_FAKE_49,TRGES1900,CompartmentDemo,ocid1.database.oc1.eu-frankfurt-1.antheljrvwun52iaz72dtire73ga6fhvfxjttcuhgqfvufxex3iks2vzlxra,ocid1.compartment.oc1..aaaaaaaaay4x2z23bzlup7o6gmksl5sbhxnc2st5ifq6sg4hxpdulXXXXX
PDB_FAKE_45,CDB_FAKE_29,ap-dbhome-23-4,CompartmentDemo,ocid1.database.oc1.eu-frankfurt-1.antheljrvwun52ianxvobiijsempl5uoljpxuppiqzv7ahifsqg677x3ai4q,ocid1.compartment.oc1..aaaaaaaaay4x2z23bzlup7o6gmksl5sbhxnc2st5ifq6sg4hxpdulXXXXX
PDB_FAKE_46,CDB_FAKE_46,RWHOME,CompartmentDemo,ocid1.database.oc1.eu-frankfurt-1.antheljrvwun52iafteqaw5cbq5fkkjegech2x3756obih6xwnacuq6d3ojq,ocid1.compartment.oc1..aaaaaaaaay4x2z23bzlup7o6gmksl5sbhxnc2st5ifq6sg4hxpdulXXXXX
PDB_FAKE_5,CDB_FAKE_30,RWHOME,CompartmentDemo,ocid1.database.oc1.eu-frankfurt-1.antheljrvwun52iaaof6tfk7jxujh6v35tgke2766htpaz2px6fzxllyl6oa,ocid1.compartment.oc1..aaaaaaaaay4x2z23bzlup7o6gmksl5sbhxnc2st5ifq6sg4hxpdulXXXXX
PDB_FAKE_4,CDB_FAKE_4,dbhome-23_4,CompartmentDemo,ocid1.database.oc1.eu-frankfurt-1.antheljrvwun52iagiolpmlwwhun3kaflnyfuvklvs4o23iyondao53kcfbq,ocid1.compartment.oc1..aaaaaaaaay4x2z23bzlup7o6gmksl5sbhxnc2st5ifq6sg4hxpdulXXXXX
PDB_FAKE_5,CDB_FAKE_50,DBHOME-Sanoj,CompartmentDemo,ocid1.database.oc1.eu-frankfurt-1.antheljrvwun52iai6noikv7ngr3hrzeqmiwzmpmpvic66gcwc2bxv336tbq,ocid1.compartment.oc1..aaaaaaaaay4x2z23bzlup7o6gmksl5sbhxnc2st5ifq6sg4hxpdulXXXXX
PDB_FAKE_47,CDB_FAKE_22,ESDB19,CompartmentDemo,ocid1.database.oc1.eu-frankfurt-1.antheljrvwun52ia2sajcbvidu23bza43txevrlcf64yyz6326jhnbobsphq,ocid1.compartment.oc1..aaaaaaaaay4x2z23bzlup7o6gmksl5sbhxnc2st5ifq6sg4hxpdulXXXXX
PDB_FAKE_21,CDB_FAKE_51,dbhome-dbmng,CompartmentDemo,ocid1.database.oc1.eu-frankfurt-1.antheljrvwun52iayojpr3mugoocjz2p6445i3aojlfwcceaem3fmku2nr3a,ocid1.compartment.oc1..aaaaaaaaay4x2z23bzlup7o6gmksl5sbhxnc2st5ifq6sg4hxpdulXXXXX
PDB_FAKE_5,CDB_FAKE_52,dbhome-dbsparse,CompartmentDemo,ocid1.database.oc1.eu-frankfurt-1.antheljrvwun52iacj2n4mnkhywnrm2locamp7zkounxroi2ugmnrhrtjx6q,ocid1.compartment.oc1..aaaaaaaaay4x2z23bzlup7o6gmksl5sbhxnc2st5ifq6sg4hxpdulXXXXX
PDB_FAKE_48,CDB_FAKE_53,qjhome,CompartmentDemo,ocid1.database.oc1.eu-frankfurt-1.antheljrvwun52iaudbjo65xwjo7rl5gl3ewijivxy4s7bkl2illgakxtzxa,ocid1.compartment.oc1..aaaaaaaaay4x2z23bzlup7o6gmksl5sbhxnc2st5ifq6sg4hxpdulXXXXX
PDB_FAKE_21,CDB_FAKE_54,fleetDemo_20250212115252015,CompartmentDemo,ocid1.database.oc1.eu-frankfurt-1.antheljrvwun52iadzsnotxqpbaoegtz6fjunidrwne4lma5ivfy2non6cta,ocid1.compartment.oc1..aaaaaaaaay4x2z23bzlup7o6gmksl5sbhxnc2st5ifq6sg4hxpdulXXXXX
PDB_FAKE_49,CDB_FAKE_37,dbhome-jvb1921,CompartmentDemo,ocid1.database.oc1.eu-frankfurt-1.antheljrvwun52iav22o27td4cuxu7mfrgvsd7qvo53yacm5iyxdcehozqoq,ocid1.compartment.oc1..aaaaaaaaay4x2z23bzlup7o6gmksl5sbhxnc2st5ifq6sg4hxpdulXXXXX
PDB_FAKE_5,CDB_FAKE_31,ap-dbhome-19-24,CompartmentDemo,ocid1.database.oc1.eu-frankfurt-1.antheljrvwun52ia4fedfjmrvckgc3xyisnbjdqpdihnftdrrbib7zz6s53q,ocid1.compartment.oc1..aaaaaaaaay4x2z23bzlup7o6gmksl5sbhxnc2st5ifq6sg4hxpdulXXXXX
PDB_FAKE_5,CDB_FAKE_55,mdoe-dbhome1-1918,CompartmentDemo,ocid1.database.oc1.eu-frankfurt-1.antheljrvwun52iaia7opvbhube7npei2x5fegnq2qy3imn53wmrp4nsyhnq,ocid1.compartment.oc1..aaaaaaaaay4x2z23bzlup7o6gmksl5sbhxnc2st5ifq6sg4hxpdulXXXXX
PDB_FAKE_5,CDB_FAKE_56,ap-dbhome-19c,CompartmentDemo,ocid1.database.oc1.eu-frankfurt-1.antheljrvwun52iay37devo4i56molchzsfujn7weeu5gyx7yqrlqfoibz2q,ocid1.compartment.oc1..aaaaaaaaay4x2z23bzlup7o6gmksl5sbhxnc2st5ifq6sg4hxpdulXXXXX
PDB_FAKE_17,CDB_FAKE_57,au-dbhome-19c,CompartmentDemo,ocid1.database.oc1.eu-frankfurt-1.antheljrvwun52ia5sfag3xm7una3qmdwr32efxboh6rqv2ztnvcb2u4od3a,ocid1.compartment.oc1..aaaaaaaaay4x2z23bzlup7o6gmksl5sbhxnc2st5ifq6sg4hxpdulXXXXX
PDB_FAKE_50,CDB_FAKE_20,dbhome-llopezf,CompartmentDemo,ocid1.database.oc1.eu-frankfurt-1.antheljrvwun52iams4sf66bwbyggfzay2svqigcgkpm7fnki7cah75o7o2q,ocid1.compartment.oc1..aaaaaaaaay4x2z23bzlup7o6gmksl5sbhxnc2st5ifq6sg4hxpdulXXXXX
PDB_FAKE_5,CDB_FAKE_17,au-dbhome-23ai,CompartmentDemo,ocid1.database.oc1.eu-frankfurt-1.antheljrvwun52iavrclfuof5xwdwnkk2ihxwthxrggmavubx6j2e4rvd6bq,ocid1.compartment.oc1..aaaaaaaaay4x2z23bzlup7o6gmksl5sbhxnc2st5ifq6sg4hxpdulXXXXX
PDB_FAKE_51,CDB_FAKE_58,esdbhome,CompartmentDemo,ocid1.database.oc1.eu-frankfurt-1.antheljrvwun52ialkqhkdb25intgumnpmy7b55s6ohyxgm2jbxvt7bb6huq,ocid1.compartment.oc1..aaaaaaaaay4x2z23bzlup7o6gmksl5sbhxnc2st5ifq6sg4hxpdulXXXXX
PDB_FAKE_52,CDB_FAKE_13,rw_home,CompartmentDemo,ocid1.database.oc1.eu-frankfurt-1.antheljrvwun52iarwoknlbmd6ul37sp3nk7pqkycngw7fc5eebbrv366s5q,ocid1.compartment.oc1..aaaaaaaaay4x2z23bzlup7o6gmksl5sbhxnc2st5ifq6sg4hxpdulXXXXX
PDB_FAKE_53,CDB_FAKE_16,mdoe-dbhome1-1920,CompartmentDemo,ocid1.database.oc1.eu-frankfurt-1.antheljrvwun52ia6fkji7z3leb3e5gnpw36xpshv7afhpkqvhfpfod3whda,ocid1.compartment.oc1..aaaaaaaaay4x2z23bzlup7o6gmksl5sbhxnc2st5ifq6sg4hxpdulXXXXX
PDB_FAKE_54,CDB_FAKE_13,rw_home,CompartmentDemo,ocid1.database.oc1.eu-frankfurt-1.antheljrvwun52iarwoknlbmd6ul37sp3nk7pqkycngw7fc5eebbrv366s5q,ocid1.compartment.oc1..aaaaaaaaay4x2z23bzlup7o6gmksl5sbhxnc2st5ifq6sg4hxpdulXXXXX
PDB_FAKE_5,CDB_FAKE_26,sn-dbhome-19-19,CompartmentDemo,ocid1.database.oc1.eu-frankfurt-1.antheljrvwun52ia4r2d5vu6hofrv7jrqyat23nxck75k7mbw2zqfbcpusqq,ocid1.compartment.oc1..aaaaaaaaay4x2z23bzlup7o6gmksl5sbhxnc2st5ifq6sg4hxpdulXXXXX
PDB_FAKE_5,CDB_FAKE_59,mdoe-dbhome1-1918,CompartmentDemo,ocid1.database.oc1.eu-frankfurt-1.antheljrvwun52ian3rabwpcb6qgi2vaysnzkiri27yhc5gb674viq2qglqq,ocid1.compartment.oc1..aaaaaaaaay4x2z23bzlup7o6gmksl5sbhxnc2st5ifq6sg4hxpdulXXXXX
PDB_FAKE_5,CDB_FAKE_41,OraHome58,CompartmentDemo,ocid1.database.oc1.eu-frankfurt-1.antheljrvwun52iabiqjlzoent4nejlxxaqheittpiizesb5qzn7uy5whpzq,ocid1.compartment.oc1..aaaaaaaaay4x2z23bzlup7o6gmksl5sbhxnc2st5ifq6sg4hxpdulXXXXX
PDB_FAKE_55,CDB_FAKE_40,JensHome_19c_001,CompartmentDemo,ocid1.database.oc1.eu-frankfurt-1.antheljrvwun52ia62x4tucblh335tacciqc3uyxo7behh2coq3naajdu52a,ocid1.compartment.oc1..aaaaaaaaay4x2z23bzlup7o6gmksl5sbhxnc2st5ifq6sg4hxpdulXXXXX
PDB_FAKE_5,CDB_FAKE_1,dbhome20240610073627,CompartmentDemo,ocid1.database.oc1.eu-frankfurt-1.antheljrvwun52iaknzgjiwtqgof6kb2rhp4a27pfgqthd3bqu3u7s327x2a,ocid1.compartment.oc1..aaaaaaaaay4x2z23bzlup7o6gmksl5sbhxnc2st5ifq6sg4hxpdulXXXXX
PDB_FAKE_56,CDB_FAKE_13,rw_home,CompartmentDemo,ocid1.database.oc1.eu-frankfurt-1.antheljrvwun52iarwoknlbmd6ul37sp3nk7pqkycngw7fc5eebbrv366s5q,ocid1.compartment.oc1..aaaaaaaaay4x2z23bzlup7o6gmksl5sbhxnc2st5ifq6sg4hxpdulXXXXX
PDB_FAKE_57,CDB_FAKE_40,JensHome_19c_001,CompartmentDemo,ocid1.database.oc1.eu-frankfurt-1.antheljrvwun52ia62x4tucblh335tacciqc3uyxo7behh2coq3naajdu52a,ocid1.compartment.oc1..aaaaaaaaay4x2z23bzlup7o6gmksl5sbhxnc2st5ifq6sg4hxpdulXXXXX
PDB_FAKE_13,CDB_FAKE_60,JensHome_19c_001,CompartmentDemo,ocid1.database.oc1.eu-frankfurt-1.antheljrvwun52ia45vb7obfleps5npjid55q6gkbry2gixtbsfbdoq5hurq,ocid1.compartment.oc1..aaaaaaaaay4x2z23bzlup7o6gmksl5sbhxnc2st5ifq6sg4hxpdulXXXXX
PDB_FAKE_58,CDB_FAKE_20,dbhome-llopezf,CompartmentDemo,ocid1.database.oc1.eu-frankfurt-1.antheljrvwun52iams4sf66bwbyggfzay2svqigcgkpm7fnki7cah75o7o2q,ocid1.compartment.oc1..aaaaaaaaay4x2z23bzlup7o6gmksl5sbhxnc2st5ifq6sg4hxpdulXXXXX
PDB_FAKE_59,CDB_FAKE_13,rw_home,CompartmentDemo,ocid1.database.oc1.eu-frankfurt-1.antheljrvwun52iarwoknlbmd6ul37sp3nk7pqkycngw7fc5eebbrv366s5q,ocid1.compartment.oc1..aaaaaaaaay4x2z23bzlup7o6gmksl5sbhxnc2st5ifq6sg4hxpdulXXXXX
PDB_FAKE_5,CDB_FAKE_61,dbhome-236,CompartmentDemo,ocid1.database.oc1.eu-frankfurt-1.antheljrvwun52iaagtcxqomsyy7nj55zfydbjukfvvhiomlw74au7ajiqma,ocid1.compartment.oc1..aaaaaaaaay4x2z23bzlup7o6gmksl5sbhxnc2st5ifq6sg4hxpdulXXXXX
